{"('2', '2', 2)": [0.4938728, [0, 1799137, 1982695, 588895, 60830, 98074, 427629, 42231, 502, 7]], "('3', '2', 2)": [0.2925266, [948586, 2237911, 1126869, 219755, 250846, 97823, 111431, 6154, 612, 13]], "('3', '2', 1)": [0.3307104, [879876, 2122074, 1100360, 215860, 235262, 323920, 111433, 6120, 5085, 10]], "('4', '2', 2)": [0.3014262, [940286, 2228634, 1125742, 219693, 270063, 97919, 110743, 6185, 724, 11]], "('4', '2', 1)": [0.3392848, [868257, 2115382, 1101993, 215773, 251073, 324895, 111112, 6305, 5200, 10]], "('5', '2', 2)": [0.3117364, [927564, 2223042, 1126055, 220002, 287325, 97813, 111178, 6224, 789, 8]], "('5', '2', 1)": [0.3493684, [857047, 2108920, 1101015, 215712, 271154, 323372, 111086, 6451, 5237, 6]], "('6', '2', 2)": [0.3107204, [964203, 2265134, 1132021, 221193, 201080, 98085, 111192, 6275, 807, 10]], "('6', '2', 1)": [0.3487274, [891316, 2148274, 1108866, 216611, 187256, 326805, 111441, 6413, 3003, 15]], "('7', '2', 2)": [0.316912, [988751, 2301604, 1138365, 222401, 133143, 97265, 111357, 6300, 806, 8]], "('7', '2', 1)": [0.3544128, [912875, 2183688, 1114391, 218253, 124820, 328083, 111027, 6184, 668, 11]], "('8', '2', 2)": [0.340887, [976479, 2293449, 1139866, 222788, 151757, 97816, 110798, 6249, 786, 12]], "('8', '2', 1)": [0.3768286, [903089, 2176149, 1114090, 217744, 142170, 328722, 110927, 6299, 800, 10]], "('9', '2', 2)": [0.36514, [975994, 2293946, 1138479, 222867, 152448, 97949, 111168, 6342, 796, 11]], "('9', '2', 1)": [0.3997522, [903819, 2173803, 1114991, 218574, 142157, 327996, 111447, 6349, 857, 7]], "('10', '2', 2)": [0.3923334, [975054, 2292516, 1138612, 223278, 154712, 97692, 110986, 6375, 650, 125]], "('10', '2', 1)": [0.425217, [899877, 2177973, 1113820, 218405, 144839, 327317, 110573, 6403, 695, 98]], "('J', '2', 2)": [0.4204218, [986196, 2300425, 1138987, 222379, 136056, 97678, 111146, 6404, 617, 112]], "('J', '2', 1)": [0.4521592, [911528, 2184046, 1111913, 218922, 126700, 328914, 111065, 6199, 577, 136]], "('Q', '2', 2)": [0.4511884, [997657, 2306356, 1140043, 221947, 117198, 98500, 111247, 6411, 515, 126]], "('Q', '2', 1)": [0.4808718, [922451, 2189885, 1112001, 218477, 109366, 329064, 111807, 6361, 480, 108]], "('K', '2', 2)": [0.4843726, [1009391, 2312808, 1139812, 223491, 98072, 98132, 111567, 6251, 360, 116]], "('K', '2', 1)": [0.5121532, [931426, 2197208, 1115506, 218348, 91920, 327683, 111178, 6229, 385, 117]], "('A', '2', 2)": [0.5296316, [986122, 2277453, 1134350, 220978, 165447, 97893, 110913, 6337, 403, 104]], "('A', '2', 1)": [0.5548138, [911443, 2161607, 1108082, 216771, 154958, 326929, 110972, 6411, 2708, 119]], "('3', '3', 2)": [0.5284304, [0, 1785884, 1980956, 585851, 79622, 97182, 427496, 42311, 687, 11]], "('4', '3', 2)": [0.3205864, [905988, 2184506, 1119596, 218532, 354736, 98230, 111361, 6236, 805, 10]], "('4', '3', 1)": [0.357529, [835953, 2074444, 1095838, 214830, 332693, 321111, 111386, 6235, 7500, 10]], "('5', '3', 2)": [0.3318224, [891598, 2180119, 1119848, 218903, 373267, 97621, 111468, 6269, 898, 9]], "('5', '3', 1)": [0.3675224, [823787, 2071098, 1091917, 214900, 350479, 322358, 111748, 6304, 7399, 10]], "('6', '3', 2)": [0.3303866, [929248, 2222382, 1126522, 220345, 285495, 97651, 111150, 6362, 835, 10]], "('6', '3', 1)": [0.3669154, [858544, 2110601, 1100920, 215146, 268214, 324204, 111011, 6221, 5130, 9]], "('7', '3', 2)": [0.3369998, [952976, 2256956, 1134040, 220633, 219140, 98087, 111013, 6216, 930, 9]], "('7', '3', 1)": [0.372937, [881235, 2144821, 1105707, 217453, 204593, 325404, 111444, 6258, 3077, 8]], "('8', '3', 2)": [0.347491, [976351, 2293001, 1138336, 223058, 152827, 97965, 111214, 6369, 868, 11]], "('8', '3', 1)": [0.3828946, [902595, 2178263, 1113324, 217954, 142014, 327240, 111355, 6390, 854, 11]], "('9', '3', 2)": [0.3739368, [964816, 2285947, 1139205, 222459, 171759, 97632, 111069, 6157, 940, 16]], "('9', '3', 1)": [0.40781, [891475, 2170170, 1113344, 218872, 160583, 327557, 110761, 6278, 946, 14]], "('10', '3', 2)": [0.4018404, [962003, 2287004, 1138879, 223121, 173356, 97687, 110865, 6182, 778, 125]], "('10', '3', 1)": [0.4338124, [889533, 2169406, 1113165, 218796, 161792, 328261, 111772, 6342, 811, 122]], "('J', '3', 2)": [0.4294584, [973027, 2295012, 1138303, 222500, 155384, 97577, 111055, 6336, 697, 109]], "('J', '3', 1)": [0.4604886, [900709, 2176907, 1113154, 217842, 144594, 328018, 111495, 6462, 711, 108]], "('Q', '3', 2)": [0.4606304, [985274, 2298840, 1138836, 224013, 136379, 97957, 111583, 6377, 626, 115]], "('Q', '3', 1)": [0.48943, [912624, 2182179, 1113979, 218325, 126563, 328190, 111218, 6172, 638, 112]], "('K', '3', 2)": [0.4934374, [997808, 2305555, 1139790, 222538, 117372, 98300, 111749, 6243, 532, 113]], "('K', '3', 1)": [0.5204432, [920945, 2191856, 1111660, 219006, 109285, 328418, 111822, 6393, 504, 111]], "('A', '3', 2)": [0.5383784, [974933, 2270478, 1133138, 221618, 183679, 97681, 111452, 6413, 492, 116]], "('A', '3', 1)": [0.5638092, [898830, 2156215, 1108534, 216505, 172408, 326639, 111583, 6424, 2746, 116]], "('4', '4', 2)": [0.5623492, [0, 1772810, 1975155, 585878, 98072, 97643, 427333, 42188, 912, 9]], "('5', '4', 2)": [0.3508682, [857558, 2137173, 1113259, 217347, 458943, 97498, 110956, 6270, 984, 12]], "('5', '4', 1)": [0.3852326, [792409, 2028193, 1088412, 213303, 430482, 319373, 111519, 6270, 10032, 7]], "('6', '4', 2)": [0.3501124, [895857, 2176722, 1120237, 218911, 371329, 97761, 111810, 6344, 1023, 6]], "('6', '4', 1)": [0.3846674, [828161, 2067803, 1094199, 214802, 347572, 321718, 111926, 6314, 7496, 9]], "('7', '4', 2)": [0.3569106, [918761, 2213293, 1126518, 220145, 304435, 97680, 111749, 6353, 1049, 17]], "('7', '4', 1)": [0.39139, [848813, 2101550, 1100011, 216012, 286406, 324506, 111116, 6218, 5359, 9]], "('8', '4', 2)": [0.36704, [940936, 2250559, 1133154, 221333, 238136, 97067, 111463, 6333, 1012, 7]], "('8', '4', 1)": [0.4013722, [868230, 2138515, 1106339, 217578, 222180, 326111, 111458, 6408, 3168, 13]], "('9', '4', 2)": [0.3808346, [965566, 2286004, 1138546, 222721, 170879, 97660, 111298, 6274, 1042, 10]], "('9', '4', 1)": [0.4138204, [892462, 2170820, 1112967, 218435, 159640, 327193, 111402, 6076, 997, 8]], "('10', '4', 2)": [0.4109736, [951752, 2277160, 1139669, 223426, 192354, 97491, 110619, 6438, 956, 135]], "('10', '4', 1)": [0.4418484, [880069, 2163417, 1112829, 217067, 179699, 328006, 111502, 6408, 893, 110]], "('J', '4', 2)": [0.438511, [962948, 2285456, 1138448, 222816, 173429, 97932, 111703, 6294, 838, 136]], "('J', '4', 1)": [0.4685528, [888002, 2172586, 1112749, 218365, 162215, 328164, 110673, 6298, 806, 142]], "('Q', '4', 2)": [0.469276, [974166, 2292599, 1140251, 222273, 154697, 97662, 111218, 6349, 684, 101]], "('Q', '4', 1)": [0.4976476, [899565, 2177037, 1113736, 218278, 144472, 328002, 111630, 6430, 715, 135]], "('K', '4', 2)": [0.5019864, [986201, 2298569, 1140839, 222813, 135624, 97580, 111346, 6317, 599, 112]], "('K', '4', 1)": [0.5289002, [911208, 2182899, 1113787, 218249, 126862, 328600, 111502, 6223, 575, 95]], "('A', '4', 2)": [0.547313, [961136, 2263385, 1135988, 221302, 202343, 97422, 111439, 6236, 626, 123]], "('A', '4', 1)": [0.5710954, [888846, 2150412, 1108975, 216945, 189151, 325580, 110952, 6182, 2844, 113]], "('5', '5', 2)": [0.596442, [0, 1754281, 1975084, 584363, 117336, 97963, 427572, 42260, 1129, 12]], "('6', '5', 2)": [0.370519, [858509, 2138058, 1113118, 217403, 456546, 97218, 111706, 6276, 1149, 17]], "('6', '5', 1)": [0.4038148, [795402, 2028143, 1087934, 212143, 428324, 320008, 111646, 6362, 10022, 16]], "('7', '5', 2)": [0.3767704, [881868, 2171507, 1122209, 218631, 390064, 97207, 111177, 6233, 1097, 7]], "('7', '5', 1)": [0.4095446, [817137, 2062415, 1093730, 214970, 365512, 321094, 111266, 6140, 7727, 9]], "('8', '5', 2)": [0.3873192, [906077, 2207616, 1126698, 220569, 323109, 97342, 111324, 6171, 1084, 10]], "('8', '5', 1)": [0.4197568, [838121, 2096744, 1100461, 216009, 302749, 323578, 110523, 6330, 5474, 11]],